{
  "kind": "singleType",
  "collectionName": "awards",
  "info": {
    "name": "award",
    "description": ""
  },
  "options": {
    "increments": true,
    "timestamps": true,
    "draftAndPublish": false
  },
  "attributes": {
    "header": {
      "type": "string",
      "required": true,
      "default": "I Achieved <span>Numerous</span> Awards During This Long Journey"
    },
    "desc": {
      "type": "string",
      "default": "Lorem ipsum dolor sit amet, consetetur sadipscing elitr, sed diam nonumy eirmod tempor invidunt ut labore et dolore magna aliquyam erat, seddiam voluptua. At vero eos et accusam et justo duo dolores et ea rebum.",
      "required": true
    },
    "youtube_id": {
      "type": "string",
      "required": true,
      "default": "bk7McNUjWgw"
    },
    "awards": {
      "type": "component",
      "repeatable": true,
      "component": "award.award",
      "required": true
    }
  }
}
