{
  "kind": "collectionType",
  "collectionName": "testimonials",
  "info": {
    "name": "testimonial"
  },
  "options": {
    "increments": true,
    "timestamps": true,
    "draftAndPublish": false
  },
  "attributes": {
    "desc": {
      "type": "text",
      "default": "Lorem ipsum dolor sit amet consectetur adipisicing elit. Doloribus enim illo magni debitis in at culpa quidem eum molestiae reiciendis provident, officiis consequatur voluptates error maiores, pariatur natus ex quaerat",
      "required": true
    },
    "images": {
      "model": "file",
      "via": "related",
      "allowedTypes": [
        "files",
        "images",
        "videos"
      ],
      "plugin": "upload",
      "required": true
    },
    "name": {
      "type": "string",
      "required": true,
      "default": "Andrew Smith"
    },
    "position": {
      "type": "string",
      "default": "Web Developer",
      "required": true
    }
  }
}
